,20200,大学入門セミナー,,2,,nyuumonn
,20200,情報・数量スキル,,2,,jouhousuuryou
,20200,英語Ea1,,2,,gaikokugoeigo
,20201,英語Ea2,,2,,gaikokugoeigo
,20200,英語Ma1,,2,,gaikokugoeigo
,20201,英語Ma2,,2,,gaikokugoeigo
,20200,英語Na1,,2,,gaikokugoeigo
,20201,英語Na2,,2,,gaikokugoeigo
,20200,英語Ta1,,2,,gaikokugoeigo
,20201,英語Ta2,,2,,gaikokugoeigo
,20200,英語Aa1,,2,,gaikokugoeigo
,20201,英語Aa2,,2,,gaikokugoeigo
,20200,英語Ra1,,2,,gaikokugoeigo
,20201,英語Ra2,,2,,gaikokugoeigo
,20200,英語Eb1,,2,,gaikokugoeigo
,20201,英語Eb2,,2,,gaikokugoeigo
,20210,英語Mb1,,2,,gaikokugoeigo
,20211,英語Mb2,,2,,gaikokugoeigo
,20200,英語Nb1,,2,,gaikokugoeigo
,20201,英語Nb2,,2,,gaikokugoeigo
,20200,英語Tb1,,2,,gaikokugoeigo
,20201,英語Tb2,,2,,gaikokugoeigo
,20200,英語Ab1,,2,,gaikokugoeigo
,20201,英語Ab2,,2,,gaikokugoeigo
,20200,英語Rb1,,2,,gaikokugoeigo
,20201,英語Rb2,,2,,gaikokugoeigo
,20202,英語Da,,4,,gaikokugoeigo
,20202,英語Db,,4,,gaikokugoeigo
,20200,ドイツ語E,,2,,gaikokugosonota
,20200,ドイツ語M,,2,,gaikokugosonota
,20200,ドイツ語N,,2,,gaikokugosonota
,20200,ドイツ語T,,2,,gaikokugosonota
,20200,ドイツ語A,,2,,gaikokugosonota
,20200,ドイツ語R,,2,,gaikokugosonota
,20200,フランス語E,,2,,gaikokugosonota
,20200,フランス語M,,2,,gaikokugosonota
,20200,フランス語N,,2,,gaikokugosonota
,20200,フランス語T,,2,,gaikokugosonota
,20200,フランス語A,,2,,gaikokugosonota
,20200,フランス語R,,2,,gaikokugosonota
,20200,中国語E,,2,,gaikokugosonota
,20200,中国語M,,2,,gaikokugosonota
,20200,中国語N,,2,,gaikokugosonota
,20200,中国語T,,2,,gaikokugosonota
,20200,中国語A,,2,,gaikokugosonota
,20200,中国語R,,2,,gaikokugosonota
,20200,韓国語E,,2,,gaikokugosonota
,20200,韓国語M,,2,,gaikokugosonota
,20200,韓国語N,,2,,gaikokugosonota
,20200,韓国語T,,2,,gaikokugosonota
,20200,韓国語A,,2,,gaikokugosonota
,20200,韓国語R,,2,,gaikokugosonota
,20200,スポーツ科学I,,2,B210,hokenntaiiku
,20201,スポーツ科学II,,2,B210,hokenntaiiku
,20200,スポーツ科学,,2,B520,hokenntaiiku
,20200,教職入門,,2,B210,sennmonnkiso
,20200,医療社会史,,2,B510,sennmonnkiso
,20200,生命を知る,,2,B520,sennmonnkiso
,20200,物理化学,,2,B110,sennmonnkiso
,20200,物理化学,,2,B120,sennmonnkiso
,20200,物理化学,,2,B130,sennmonnkiso
,20200,物理化学,,2,B140,sennmonnkiso
,20200,物理化学,,2,B150,sennmonnkiso
,20200,物理化学,,2,B160,sennmonnkiso
,20200,物理化学,,2,B170,sennmonnkiso
,20200,数学の考え方,,2,B110,sennmonnkiso
,20200,数学の考え方,,2,B120,sennmonnkiso
,20200,数学の考え方,,2,B130,sennmonnkiso
,20200,数学の考え方,,2,B140,sennmonnkiso
,20200,数学の考え方,,2,B150,sennmonnkiso
,20200,数学の考え方,,2,B160,sennmonkiso
,20200,数学の考え方,,2,B170,sennmonkiso
,20200,統計学基礎,,2,B310,sennmonkiso
,20201,有機化学,,2,B510,sennmonkiso
,20201,統計学,,2,B510,sennmonkiso
,20200,コミュニケーション概論,,2,B410,sennmonkiso
,20200,数学基礎,,2,B410,sennmonkiso
,20201,統計学基礎,,2,B410,sennmonkiso
,20210,特別支援教育入門,,2,B210,sennmonkiso
,20210,医学実験動物学,,2,B510,sennmonkiso
,20210,社会調査法,,2,B410,sennmonkiso
,20211,教職キャリア教育,,2,B210,sennmonkiso
,20201,専門教育入門セミナー,,2,B110,senmonkyouiku
,20200,環境と生命,,2,B510,kannkyoutoseimei
,20200,環境と生命,,2,B520,kannkyoutoseimei
,20201,環境と生命,,2,,kannkyoutoseimei
,20201,人間の心と行動,,2,,shakaitoningen
,20201,美術と文化~美術鑑賞から異文化理解~,,2,,shakaitoningen
,20201,音楽と人間,,2,,shakaitoningen
,20201,暮らしを見つめる,,2,,shakaitoningen
,20201,地方自治の法と政策,,2,,shakaitoningen
,20201,風土・地域と人間,,2,,shakaitoningen
,20201,現代社会と歴史~近現代日本とアジア(外交と戦争)~,,2,,shakaitoningen
,20201,現代社会と家族,,2,,shakaitoningen
,20201,現代社会と子供・青年,,2,,shakaitoningen
,20201,現代社会の法と政策,,2,,shakaitoningen
,20201,現代社会と経済,,2,,shakaitoningen
,20201,大学と学生,,2,,shakaitoningen
,20201,「私」のキャリアとライフデザイン,,2,,shakaitoningen
,20201,教育と人間,,2,,shakaitoningen1
,20201,障がい者支援入門,,2,,shakaitoningen
,20201,国際協力入門~世界を舞台に活躍する~,,2,,shakaitoningen
,20201,人口減所社会における公民連携(PPP)のまちづくり,,2,,shakaitoningen
,20201,多様性理解概論,,2,,shakaitoningen
,20201,観光と言語,,2,,shakaitoningen
,20201,地域学入門I(A),,2,,shakaitoningen
,20201,地域学入門I(B),,2,,shakaitoningen
,20201,生物科学,,2,,sizennosikumi
,20201,自然科学の考え方,,2,,sizennosikumi
,20201,物質の科学,,2,,sizennosikumi
,20201,自然現象と工学,,2,,sizennosikumi
,20201,統計データによる地域課題分析,,2,,sizennosikumi
,20200,博物館概論,,2,,tiikigakusai
,20200,生涯学習論,,2,,tiikigakusai
,20200,マーケティング入門,,2,,tiikigakusai
,20200,日本の恋歌-和歌・短歌と歌謡曲-,,2,,tiikigakusai
,20200,ベンチャービジネス入門,,2,,tiikigakusai
,20200,魚・家畜・草の文化論,,2,,tiikigakusai
,20200,日本の自然と災害,,2,,tiikigakusai
,20200,保健医療社会学,,2,,tiikigakusai
,20200,シチズンシップ形成・展開論,,2,,tiikigakusai
,20200,地域学入門II(B),,2,,tiikigakusai
,20200,地域デザイン概論I,,2,,tiikigakusai
,20200,ライフプラン作成のためのキャリアデザイン口座,,2,,tiikigakusai
,20200,生涯スポーツ実践I,,2,,tiikigakusai
,20200,生涯スポーツ実践II,,2,,tiikigakusai
,20200,ワークショップ入門(集中),,2,,tiikigakusai
,20200,家族社会学入門,,2,,tiikigakusai
,20200,生と死の論理学,,2,,tiikigakusai
,20200,産業と教育,,2,,tiikigakusai
,20200,宮崎の地質と自然景観,,2,,tiikigakusai
,20200,地域文化論,,2,,tiikigakusai
,20200,現代社会と政治,,2,,tiikigakusai
,20200,国際化入門,,2,,tiikigakusai
,20200,日本国憲法,,2,,tiikigakusai
,20200,日本国憲法(集中),,2,,tiikigakusai
,20200,スピルバーグを語ろう(集中),,2,,tiikigakusai
,20200,輝く女性のための映画(集中),,2,,tiikigakusai
,20200,ICTの地域活用(集中),,2,,tiikigakusai
,20200,地域キャリアデザイン(集中),,2,,tiikigakusai
,20200,亜熱帯薬食資源学(集中),,2,,tiikigakusai
,20200,地域企業・事業創造論(集中),,2,,tiikigakusai
,20200,健幸予防医学(集中),,2,,tiikigakusai
,20200,エネルギー・ものづくり概論(集中),,2,,tiikigakusai
,20200,地方自治と行政(集中),,2,,tiikigakusai
,20200,実践的地域マネジメント論(集中),,2,,tiikigakusai
,20202,地域インターンシップ(通年集中),,2,,tiikigakusai
,20202,地域学入門II(A)(通年集中),,2,,tiikigakusai
,20202,ボランティア-地域のリーダーを育てる-(通年集中),,2,,tiikigakusai
,20202,台湾現地研修(通年集中),,2,,tiikigakusai
,20201,科学の社会学,,2,,tiikigakusai
,20201,人間と自我,,2,,tiikigakusai
,20201,現代社会と共生,,2,,tiikigakusai
,20201,現代社会を読み解く,,2,,tiikigakusai
,20201,「人生の各ステージにおける学び」と博物館,,2,,tiikigakusai
,20201,日本の自然と災害,,2,,tiikigakusai
,20201,地域デザイン概論II,,2,,tiikigakusai
,20201,変貌する21正規の世界-さまざまな地域の社会と文化-,,2,,tiikigakusai
,20201,国際経済入門,,2,,tiikigakusai
,20201,ラーニングポートフォリオ入門センター,,2,,tiikigakusai
,20201,日本経済入門,,2,,tiikigakusai
,20201,生涯スポーツ実践III,,2,,tiikigakusai
,20201,生涯スポーツ実践IV,,2,,tiikigakusai
,20201,南アフリカ概論,,2,,tiikigakusai
,20201,現代社会と政治,,2,,tiikigakusai
,20201,宮崎の産業と産学・地域連携,,2,,tiikigakusai
,20201,現代ドイツへの招待-多面体としてみる異文化社会-,,2,,tiikigakusai
,20201,ヘルスサイエンス,,2,,tiikigakusai
,20201,日本国憲法,,2,,tiikigakusai
,20201,中華世界理解基礎,,2,,tiikigakusai
,20201,博物館に学ぶ「モノの見方と見せ方」(集中),,2,,tiikigakusai
,20201,医療人文学入門:ナラティブから医療を考える,,2,,tiikigakusai
,20201,宮崎の郷土と文化(コーディネート科目)(集中),,2,,tiikigakusai
,20201,地域産業入門(集中),,2,,tiikigakusai
,20201,薬食同源学入門(集中),,2,,tiikigakusai
,20201,プレゼンテーションスキルアップ論(集中),,2,,tiikigakusai
,20201,健康な暮らしを科学する(集中),,2,,tiikigakusai
,20201,生活デザイン・ものづくり概論(集中),,2,,tiikigakusai
,20201,日向神話と神楽(集中),,2,,tiikigakusai
,20201,「短歌県みやざき」ことばの力と牧水入門(集中),,2,,tiikigakusai
,20201,地域で成長するICT企業(集中),,2,,tiikigakusai
,20201,製品開発・ものづくり概論(集中),,2,,tiikigakusai
,20201,特別支援教育,,1,,tiikigakusai
,20200,化学と社会の関わり,,2,,sizennkagaku
,20200,遺伝子工学の基礎と応用,,2,,sizennkagaku
,20200,音・光で考える物理学入門,,2,,sizennkagaku
,20200,線形代数入門AEMNR,,2,,sizennkagaku
,20200,生命科学研究入門,,2,,sizennkagaku
,20200,微分積分学,,2,,sizennkagaku
,20200,物理と情報,,2,,sizennkagaku
,20200,遺伝子操作入門,,2,,sizennkagaku
,20201,機械と生活の中のトライボロジー,,2,,sizennkagaku
,20201,Pythonプログラミング演習,,2,,sizennkagaku
,20201,数学の思考法,,2,,sizennkagaku
,20201,科学技術と私たちの生活,,2,,sizennkagaku
,20201,生命と病気,,2,,sizennkagaku
,20201,光と植物,,2,,sizennkagaku
,20201,統計学入門,,2,,sizennkagaku
,20200,日本語教育論,,2,,gaikokugokei
,20200,音声学,,2,,gaikokugokei
,20200,言語文化論I-A--アジア・オセアニア地域,,2,,gaikokugokei
,20200,言語文化論II-A--ヨーロッパ・アフリカ・北中南米地域,,2,,gaikokugokei
,20200,総合ドイツ語II,,2,,gaikokugokei
,20200,総合フランス語II,,2,,gaikokugokei
,20200,総合中国語II,,2,,gaikokugokei
,20200,実践中国語II,,2,,gaikokugokei
,20200,総合韓国語II,,2,,gaikokugokei
,20200,プロジェクト実践英語I,,2,,gaikokugokei
,20200,プロジェクト実践英語II,,2,,gaikokugokei
,20200,コミュニケーション英語Mc1,,2,,gaikokugokei
,20200,医療英語(ENP BI),,2,,gaikokugokei
,20200,英語T3,,2,,gaikokugokei
,20200,英語A3(学術英語基礎),,2,,gaikokugokei
,20200,英語A4(専門コミュニケーション英語),,2,,gaikokugokei
,20200,ビジネス英語I-1,,2,,gaikokugokei
,20200,アカデミック英語入門(集中),,2,,gaikokugokei
,20201,音韻論,,2,,gaikokugokei
,20201,言語文化論I-B--アジア・オセアニア地域,,2,,gaikokugokei
,20201,言語文化論II-B--ヨーロッパ・アフリカ・北中南米地域,,2,,gaikokugokei
,20201,総合ドイツ語I,,2,,gaikokugokei
,20201,総合ドイツ語III,,2,,gaikokugokei
,20201,総合フランス語I,,2,,gaikokugokei
,20201,総合フランス語III,,2,,gaikokugokei
,20201,実践フランス語I,,2,,gaikokugokei
,20201,総合中国語I,,2,,gaikokugokei
,20201,総合中国語III,,2,,gaikokugokei
,20201,実践中国語I,,2,,gaikokugokei
,20201,実践中国語III,,2,,gaikokugokei
,20201,総合韓国語I,,2,,gaikokugokei
,20201,総合韓国語III,,2,,gaikokugokei
,20201,実践韓国語I,,2,,gaikokugokei
,20201,プロジェクト実践英語III,,2,,gaikokugokei
,20201,プロジェクト実践英語IV,,2,,gaikokugokei
,20201,中国語現地研修(集中),,2,,gaikokugokei
,20201,コミュニケーション英語Mc2,,2,,gaikokugokei
,20201,英語T4(技術英語),,2,,gaikokugokei
,20201,英語A3(学術英語基礎),,2,,gaikokugokei
,20201,英語A4(専門コミュニケ―ション英語),,2,,gaikokugokei
,20201,ビジネス英語I-2,,2,,gaikokugokei
